{"cameraMode":{"drawMode":0,"name":"Shaded","section":"Shading Mode"},"sceneLighting":true,"audioPlay":false,"sceneViewState":{"showFog":false,"showMaterialUpdate":false,"showSkybox":false,"showFlares":false,"showImageEffects":false,"showParticleSystems":false},"in2DMode":false,"pivot":{"x":8.316756248474121,"y":23.514076232910158,"z":28.56255340576172},"rotation":{"x":0.7183859348297119,"y":-0.019814636558294297,"z":0.020479625090956689,"w":0.6950621008872986},"size":25.001235961914064,"orthographic":false}